matricula,sindicato
34941,SINDPD SP - SIND.TRAB.EM PROC DADOS E EMPR.EMPRESAS PROC DADOS ESTADO DE SP.
24401,SINDPPD RS - SINDICATO DOS TRAB. EM PROC. DE DADOS RIO GRANDE DO SUL
32104,SINDPPD RS - SINDICATO DOS TRAB. EM PROC. DE DADOS RIO GRANDE DO SUL
35254,SINDPPD RS - SINDICATO DOS TRAB. EM PROC. DE DADOS RIO GRANDE DO SUL
31731,SINDPPD RS - SINDICATO DOS TRAB. EM PROC. DE DADOS RIO GRANDE DO SUL
31009,SINDPPD RS - SINDICATO DOS TRAB. EM PROC. DE DADOS RIO GRANDE DO SUL
28979,SINDPPD RS - SINDICATO DOS TRAB. EM PROC. DE DADOS RIO GRANDE DO SUL
24122,SINDPPD RS - SINDICATO DOS TRAB. EM PROC. DE DADOS RIO GRANDE DO SUL
35149,SINDPPD RS - SINDICATO DOS TRAB. EM PROC. DE DADOS RIO GRANDE DO SUL
25022,SINDPPD RS - SINDICATO DOS TRAB. EM PROC. DE DADOS RIO GRANDE DO SUL
32130,SINDPPD RS - SINDICATO DOS TRAB. EM PROC. DE DADOS RIO GRANDE DO SUL
32213,SINDPPD RS - SINDICATO DOS TRAB. EM PROC. DE DADOS RIO GRANDE DO SUL
34597,SINDPPD RS - SINDICATO DOS TRAB. EM PROC. DE DADOS RIO GRANDE DO SUL
25314,SINDPPD RS - SINDICATO DOS TRAB. EM PROC. DE DADOS RIO GRANDE DO SUL
31868,SINDPPD RS - SINDICATO DOS TRAB. EM PROC. DE DADOS RIO GRANDE DO SUL
26314,SINDPPD RS - SINDICATO DOS TRAB. EM PROC. DE DADOS RIO GRANDE DO SUL
32337,SINDPPD RS - SINDICATO DOS TRAB. EM PROC. DE DADOS RIO GRANDE DO SUL
33856,SINDPPD RS - SINDICATO DOS TRAB. EM PROC. DE DADOS RIO GRANDE DO SUL
33883,SINDPPD RS - SINDICATO DOS TRAB. EM PROC. DE DADOS RIO GRANDE DO SUL
33395,SINDPPD RS - SINDICATO DOS TRAB. EM PROC. DE DADOS RIO GRANDE DO SUL
28996,SINDPPD RS - SINDICATO DOS TRAB. EM PROC. DE DADOS RIO GRANDE DO SUL
35132,SINDPPD RS - SINDICATO DOS TRAB. EM PROC. DE DADOS RIO GRANDE DO SUL
32031,SINDPPD RS - SINDICATO DOS TRAB. EM PROC. DE DADOS RIO GRANDE DO SUL
35177,SINDPPD RS - SINDICATO DOS TRAB. EM PROC. DE DADOS RIO GRANDE DO SUL
35182,SINDPPD RS - SINDICATO DOS TRAB. EM PROC. DE DADOS RIO GRANDE DO SUL
35224,SINDPPD RS - SINDICATO DOS TRAB. EM PROC. DE DADOS RIO GRANDE DO SUL
35390,SINDPPD RS - SINDICATO DOS TRAB. EM PROC. DE DADOS RIO GRANDE DO SUL
35633,SINDPPD RS - SINDICATO DOS TRAB. EM PROC. DE DADOS RIO GRANDE DO SUL
31795,SINDPPD RS - SINDICATO DOS TRAB. EM PROC. DE DADOS RIO GRANDE DO SUL
35136,SINDPPD RS - SINDICATO DOS TRAB. EM PROC. DE DADOS RIO GRANDE DO SUL
31269,SINDPPD RS - SINDICATO DOS TRAB. EM PROC. DE DADOS RIO GRANDE DO SUL
25251,SINDPPD RS - SINDICATO DOS TRAB. EM PROC. DE DADOS RIO GRANDE DO SUL
23499,SINDPPD RS - SINDICATO DOS TRAB. EM PROC. DE DADOS RIO GRANDE DO SUL
26927,SINDPPD RS - SINDICATO DOS TRAB. EM PROC. DE DADOS RIO GRANDE DO SUL
33708,SINDPPD RS - SINDICATO DOS TRAB. EM PROC. DE DADOS RIO GRANDE DO SUL
33595,SINDPPD RS - SINDICATO DOS TRAB. EM PROC. DE DADOS RIO GRANDE DO SUL
35360,SINDPPD RS - SINDICATO DOS TRAB. EM PROC. DE DADOS RIO GRANDE DO SUL
26182,SINDPPD RS - SINDICATO DOS TRAB. EM PROC. DE DADOS RIO GRANDE DO SUL
29033,SINDPPD RS - SINDICATO DOS TRAB. EM PROC. DE DADOS RIO GRANDE DO SUL
31494,SINDPPD RS - SINDICATO DOS TRAB. EM PROC. DE DADOS RIO GRANDE DO SUL
31963,SINDPPD RS - SINDICATO DOS TRAB. EM PROC. DE DADOS RIO GRANDE DO SUL
32975,SINDPPD RS - SINDICATO DOS TRAB. EM PROC. DE DADOS RIO GRANDE DO SUL
33832,SINDPPD RS - SINDICATO DOS TRAB. EM PROC. DE DADOS RIO GRANDE DO SUL
35199,SINDPPD RS - SINDICATO DOS TRAB. EM PROC. DE DADOS RIO GRANDE DO SUL
31505,SINDPPD RS - SINDICATO DOS TRAB. EM PROC. DE DADOS RIO GRANDE DO SUL
26859,SINDPPD RS - SINDICATO DOS TRAB. EM PROC. DE DADOS RIO GRANDE DO SUL
34686,SINDPPD RS - SINDICATO DOS TRAB. EM PROC. DE DADOS RIO GRANDE DO SUL
30609,SINDPPD RS - SINDICATO DOS TRAB. EM PROC. DE DADOS RIO GRANDE DO SUL
35178,SINDPPD RS - SINDICATO DOS TRAB. EM PROC. DE DADOS RIO GRANDE DO SUL
35712,SINDPPD RS - SINDICATO DOS TRAB. EM PROC. DE DADOS RIO GRANDE DO SUL
35745,SINDPPD RS - SINDICATO DOS TRAB. EM PROC. DE DADOS RIO GRANDE DO SUL
29342,SINDPPD RS - SINDICATO DOS TRAB. EM PROC. DE DADOS RIO GRANDE DO SUL
30025,SINDPPD RS - SINDICATO DOS TRAB. EM PROC. DE DADOS RIO GRANDE DO SUL
33111,SINDPPD RS - SINDICATO DOS TRAB. EM PROC. DE DADOS RIO GRANDE DO SUL
31646,SINDPPD RS - SINDICATO DOS TRAB. EM PROC. DE DADOS RIO GRANDE DO SUL
25619,SINDPPD RS - SINDICATO DOS TRAB. EM PROC. DE DADOS RIO GRANDE DO SUL
32030,SINDPPD RS - SINDICATO DOS TRAB. EM PROC. DE DADOS RIO GRANDE DO SUL
35693,SINDPPD RS - SINDICATO DOS TRAB. EM PROC. DE DADOS RIO GRANDE DO SUL
32751,SINDPPD RS - SINDICATO DOS TRAB. EM PROC. DE DADOS RIO GRANDE DO SUL
35485,SINDPPD RS - SINDICATO DOS TRAB. EM PROC. DE DADOS RIO GRANDE DO SUL
35201,SINDPPD RS - SINDICATO DOS TRAB. EM PROC. DE DADOS RIO GRANDE DO SUL
32761,SINDPPD RS - SINDICATO DOS TRAB. EM PROC. DE DADOS RIO GRANDE DO SUL
35675,SINDPPD RS - SINDICATO DOS TRAB. EM PROC. DE DADOS RIO GRANDE DO SUL
25528,SINDPPD RS - SINDICATO DOS TRAB. EM PROC. DE DADOS RIO GRANDE DO SUL
31872,SINDPPD RS - SINDICATO DOS TRAB. EM PROC. DE DADOS RIO GRANDE DO SUL
35538,SINDPPD RS - SINDICATO DOS TRAB. EM PROC. DE DADOS RIO GRANDE DO SUL
35561,SINDPPD RS - SINDICATO DOS TRAB. EM PROC. DE DADOS RIO GRANDE DO SUL
35651,SINDPPD RS - SINDICATO DOS TRAB. EM PROC. DE DADOS RIO GRANDE DO SUL
35691,SINDPPD RS - SINDICATO DOS TRAB. EM PROC. DE DADOS RIO GRANDE DO SUL
35717,SINDPPD RS - SINDICATO DOS TRAB. EM PROC. DE DADOS RIO GRANDE DO SUL
26846,SINDPPD RS - SINDICATO DOS TRAB. EM PROC. DE DADOS RIO GRANDE DO SUL
35750,SINDPPD RS - SINDICATO DOS TRAB. EM PROC. DE DADOS RIO GRANDE DO SUL
35655,SINDPPD RS - SINDICATO DOS TRAB. EM PROC. DE DADOS RIO GRANDE DO SUL
32073,SINDPPD RS - SINDICATO DOS TRAB. EM PROC. DE DADOS RIO GRANDE DO SUL
34825,SINDPPD RS - SINDICATO DOS TRAB. EM PROC. DE DADOS RIO GRANDE DO SUL
35362,SINDPPD RS - SINDICATO DOS TRAB. EM PROC. DE DADOS RIO GRANDE DO SUL
30567,SINDPPD RS - SINDICATO DOS TRAB. EM PROC. DE DADOS RIO GRANDE DO SUL
32099,SINDPPD RS - SINDICATO DOS TRAB. EM PROC. DE DADOS RIO GRANDE DO SUL
35705,SINDPPD RS - SINDICATO DOS TRAB. EM PROC. DE DADOS RIO GRANDE DO SUL
35768,SINDPPD RS - SINDICATO DOS TRAB. EM PROC. DE DADOS RIO GRANDE DO SUL
26051,SINDPPD RS - SINDICATO DOS TRAB. EM PROC. DE DADOS RIO GRANDE DO SUL
34113,SINDPPD RS - SINDICATO DOS TRAB. EM PROC. DE DADOS RIO GRANDE DO SUL
35549,SINDPPD RS - SINDICATO DOS TRAB. EM PROC. DE DADOS RIO GRANDE DO SUL
34740,SINDPPD RS - SINDICATO DOS TRAB. EM PROC. DE DADOS RIO GRANDE DO SUL
33146,SINDPPD RS - SINDICATO DOS TRAB. EM PROC. DE DADOS RIO GRANDE DO SUL
32868,SINDPPD RS - SINDICATO DOS TRAB. EM PROC. DE DADOS RIO GRANDE DO SUL
35214,SINDPPD RS - SINDICATO DOS TRAB. EM PROC. DE DADOS RIO GRANDE DO SUL
35279,SINDPPD RS - SINDICATO DOS TRAB. EM PROC. DE DADOS RIO GRANDE DO SUL
32080,SINDPPD RS - SINDICATO DOS TRAB. EM PROC. DE DADOS RIO GRANDE DO SUL
25931,SINDPPD RS - SINDICATO DOS TRAB. EM PROC. DE DADOS RIO GRANDE DO SUL
29254,SINDPPD RS - SINDICATO DOS TRAB. EM PROC. DE DADOS RIO GRANDE DO SUL
32356,SINDPPD RS - SINDICATO DOS TRAB. EM PROC. DE DADOS RIO GRANDE DO SUL
35606,SINDPPD RS - SINDICATO DOS TRAB. EM PROC. DE DADOS RIO GRANDE DO SUL
32848,SINDPPD RS - SINDICATO DOS TRAB. EM PROC. DE DADOS RIO GRANDE DO SUL
26809,SINDPPD RS - SINDICATO DOS TRAB. EM PROC. DE DADOS RIO GRANDE DO SUL
34994,SINDPPD RS - SINDICATO DOS TRAB. EM PROC. DE DADOS RIO GRANDE DO SUL
33929,SINDPPD RS - SINDICATO DOS TRAB. EM PROC. DE DADOS RIO GRANDE DO SUL
26892,SINDPPD RS - SINDICATO DOS TRAB. EM PROC. DE DADOS RIO GRANDE DO SUL
32244,SINDPPD RS - SINDICATO DOS TRAB. EM PROC. DE DADOS RIO GRANDE DO SUL
35738,SINDPPD RS - SINDICATO DOS TRAB. EM PROC. DE DADOS RIO GRANDE DO SUL
32920,SINDPPD RS - SINDICATO DOS TRAB. EM PROC. DE DADOS RIO GRANDE DO SUL
26949,SINDPPD RS - SINDICATO DOS TRAB. EM PROC. DE DADOS RIO GRANDE DO SUL
27009,SINDPPD RS - SINDICATO DOS TRAB. EM PROC. DE DADOS RIO GRANDE DO SUL
30325,SINDPPD RS - SINDICATO DOS TRAB. EM PROC. DE DADOS RIO GRANDE DO SUL
32292,SINDPPD RS - SINDICATO DOS TRAB. EM PROC. DE DADOS RIO GRANDE DO SUL
35659,SINDPPD RS - SINDICATO DOS TRAB. EM PROC. DE DADOS RIO GRANDE DO SUL
35680,SINDPPD RS - SINDICATO DOS TRAB. EM PROC. DE DADOS RIO GRANDE DO SUL
35590,SINDPPD RS - SINDICATO DOS TRAB. EM PROC. DE DADOS RIO GRANDE DO SUL
34946,SINDPPD RS - SINDICATO DOS TRAB. EM PROC. DE DADOS RIO GRANDE DO SUL
34534,SINDPPD RS - SINDICATO DOS TRAB. EM PROC. DE DADOS RIO GRANDE DO SUL
33774,SINDPPD RS - SINDICATO DOS TRAB. EM PROC. DE DADOS RIO GRANDE DO SUL
34147,SINDPPD RS - SINDICATO DOS TRAB. EM PROC. DE DADOS RIO GRANDE DO SUL
35281,SINDPPD RS - SINDICATO DOS TRAB. EM PROC. DE DADOS RIO GRANDE DO SUL
35524,SINDPPD RS - SINDICATO DOS TRAB. EM PROC. DE DADOS RIO GRANDE DO SUL
27792,SINDPPD RS - SINDICATO DOS TRAB. EM PROC. DE DADOS RIO GRANDE DO SUL
35210,SINDPPD RS - SINDICATO DOS TRAB. EM PROC. DE DADOS RIO GRANDE DO SUL
35372,SINDPPD RS - SINDICATO DOS TRAB. EM PROC. DE DADOS RIO GRANDE DO SUL
35374,SINDPPD RS - SINDICATO DOS TRAB. EM PROC. DE DADOS RIO GRANDE DO SUL
35379,SINDPPD RS - SINDICATO DOS TRAB. EM PROC. DE DADOS RIO GRANDE DO SUL
35749,SINDPPD RS - SINDICATO DOS TRAB. EM PROC. DE DADOS RIO GRANDE DO SUL
35754,SINDPPD RS - SINDICATO DOS TRAB. EM PROC. DE DADOS RIO GRANDE DO SUL
29083,SINDPPD RS - SINDICATO DOS TRAB. EM PROC. DE DADOS RIO GRANDE DO SUL
25081,SINDPPD RS - SINDICATO DOS TRAB. EM PROC. DE DADOS RIO GRANDE DO SUL
26322,SINDPPD RS - SINDICATO DOS TRAB. EM PROC. DE DADOS RIO GRANDE DO SUL
29090,SINDPPD RS - SINDICATO DOS TRAB. EM PROC. DE DADOS RIO GRANDE DO SUL
29087,SINDPPD RS - SINDICATO DOS TRAB. EM PROC. DE DADOS RIO GRANDE DO SUL
24685,SINDPPD RS - SINDICATO DOS TRAB. EM PROC. DE DADOS RIO GRANDE DO SUL
24820,SINDPPD RS - SINDICATO DOS TRAB. EM PROC. DE DADOS RIO GRANDE DO SUL
35500,SINDPPD RS - SINDICATO DOS TRAB. EM PROC. DE DADOS RIO GRANDE DO SUL
32176,SINDPPD RS - SINDICATO DOS TRAB. EM PROC. DE DADOS RIO GRANDE DO SUL
33295,SINDPPD RS - SINDICATO DOS TRAB. EM PROC. DE DADOS RIO GRANDE DO SUL
35526,SINDPPD RS - SINDICATO DOS TRAB. EM PROC. DE DADOS RIO GRANDE DO SUL
35368,SINDPPD RS - SINDICATO DOS TRAB. EM PROC. DE DADOS RIO GRANDE DO SUL
35576,SINDPPD RS - SINDICATO DOS TRAB. EM PROC. DE DADOS RIO GRANDE DO SUL
35619,SINDPPD RS - SINDICATO DOS TRAB. EM PROC. DE DADOS RIO GRANDE DO SUL
35581,SINDPPD RS - SINDICATO DOS TRAB. EM PROC. DE DADOS RIO GRANDE DO SUL
35578,SINDPPD RS - SINDICATO DOS TRAB. EM PROC. DE DADOS RIO GRANDE DO SUL
25050,SINDPPD RS - SINDICATO DOS TRAB. EM PROC. DE DADOS RIO GRANDE DO SUL
35509,SINDPPD RS - SINDICATO DOS TRAB. EM PROC. DE DADOS RIO GRANDE DO SUL
31645,SINDPPD RS - SINDICATO DOS TRAB. EM PROC. DE DADOS RIO GRANDE DO SUL
34297,SINDPPD RS - SINDICATO DOS TRAB. EM PROC. DE DADOS RIO GRANDE DO SUL
35692,SINDPPD RS - SINDICATO DOS TRAB. EM PROC. DE DADOS RIO GRANDE DO SUL
35646,SINDPPD RS - SINDICATO DOS TRAB. EM PROC. DE DADOS RIO GRANDE DO SUL
30265,SINDPPD RS - SINDICATO DOS TRAB. EM PROC. DE DADOS RIO GRANDE DO SUL
35513,SINDPPD RS - SINDICATO DOS TRAB. EM PROC. DE DADOS RIO GRANDE DO SUL
35782,SINDPPD RS - SINDICATO DOS TRAB. EM PROC. DE DADOS RIO GRANDE DO SUL
33058,SINDPPD RS - SINDICATO DOS TRAB. EM PROC. DE DADOS RIO GRANDE DO SUL
31091,SINDPPD RS - SINDICATO DOS TRAB. EM PROC. DE DADOS RIO GRANDE DO SUL
33423,SINDPPD RS - SINDICATO DOS TRAB. EM PROC. DE DADOS RIO GRANDE DO SUL
30502,SINDPPD RS - SINDICATO DOS TRAB. EM PROC. DE DADOS RIO GRANDE DO SUL
35486,SINDPPD RS - SINDICATO DOS TRAB. EM PROC. DE DADOS RIO GRANDE DO SUL
35228,SINDPPD RS - SINDICATO DOS TRAB. EM PROC. DE DADOS RIO GRANDE DO SUL
35255,SINDPPD RS - SINDICATO DOS TRAB. EM PROC. DE DADOS RIO GRANDE DO SUL
35183,SINDPPD RS - SINDICATO DOS TRAB. EM PROC. DE DADOS RIO GRANDE DO SUL
35185,SINDPPD RS - SINDICATO DOS TRAB. EM PROC. DE DADOS RIO GRANDE DO SUL
35260,SINDPPD RS - SINDICATO DOS TRAB. EM PROC. DE DADOS RIO GRANDE DO SUL
35195,SINDPPD RS - SINDICATO DOS TRAB. EM PROC. DE DADOS RIO GRANDE DO SUL
35401,SINDPPD RS - SINDICATO DOS TRAB. EM PROC. DE DADOS RIO GRANDE DO SUL
34053,SINDPPD RS - SINDICATO DOS TRAB. EM PROC. DE DADOS RIO GRANDE DO SUL
34342,SINDPPD RS - SINDICATO DOS TRAB. EM PROC. DE DADOS RIO GRANDE DO SUL
34907,SINDPPD RS - SINDICATO DOS TRAB. EM PROC. DE DADOS RIO GRANDE DO SUL
35221,SINDPPD RS - SINDICATO DOS TRAB. EM PROC. DE DADOS RIO GRANDE DO SUL
30207,SINDPPD RS - SINDICATO DOS TRAB. EM PROC. DE DADOS RIO GRANDE DO SUL
35370,SINDPPD RS - SINDICATO DOS TRAB. EM PROC. DE DADOS RIO GRANDE DO SUL
35205,SINDPPD RS - SINDICATO DOS TRAB. EM PROC. DE DADOS RIO GRANDE DO SUL
35611,SINDPPD RS - SINDICATO DOS TRAB. EM PROC. DE DADOS RIO GRANDE DO SUL
35648,SINDPPD RS - SINDICATO DOS TRAB. EM PROC. DE DADOS RIO GRANDE DO SUL
35238,SINDPPD RS - SINDICATO DOS TRAB. EM PROC. DE DADOS RIO GRANDE DO SUL
35516,SINDPPD RS - SINDICATO DOS TRAB. EM PROC. DE DADOS RIO GRANDE DO SUL
35074,SINDPPD RS - SINDICATO DOS TRAB. EM PROC. DE DADOS RIO GRANDE DO SUL
35075,SINDPPD RS - SINDICATO DOS TRAB. EM PROC. DE DADOS RIO GRANDE DO SUL
33983,SINDPPD RS - SINDICATO DOS TRAB. EM PROC. DE DADOS RIO GRANDE DO SUL
33998,SINDPPD RS - SINDICATO DOS TRAB. EM PROC. DE DADOS RIO GRANDE DO SUL
35115,SINDPPD RS - SINDICATO DOS TRAB. EM PROC. DE DADOS RIO GRANDE DO SUL
31410,SINDPPD RS - SINDICATO DOS TRAB. EM PROC. DE DADOS RIO GRANDE DO SUL
34158,SINDPPD RS - SINDICATO DOS TRAB. EM PROC. DE DADOS RIO GRANDE DO SUL
35252,SINDPPD RS - SINDICATO DOS TRAB. EM PROC. DE DADOS RIO GRANDE DO SUL
35751,SINDPPD RS - SINDICATO DOS TRAB. EM PROC. DE DADOS RIO GRANDE DO SUL
31125,SINDPPD RS - SINDICATO DOS TRAB. EM PROC. DE DADOS RIO GRANDE DO SUL
29229,SINDPPD RS - SINDICATO DOS TRAB. EM PROC. DE DADOS RIO GRANDE DO SUL
32380,SINDPPD RS - SINDICATO DOS TRAB. EM PROC. DE DADOS RIO GRANDE DO SUL
35155,SINDPPD RS - SINDICATO DOS TRAB. EM PROC. DE DADOS RIO GRANDE DO SUL
35533,SINDPPD RS - SINDICATO DOS TRAB. EM PROC. DE DADOS RIO GRANDE DO SUL
35597,SINDPPD RS - SINDICATO DOS TRAB. EM PROC. DE DADOS RIO GRANDE DO SUL
35757,SINDPPD RS - SINDICATO DOS TRAB. EM PROC. DE DADOS RIO GRANDE DO SUL
34211,SINDPPD RS - SINDICATO DOS TRAB. EM PROC. DE DADOS RIO GRANDE DO SUL
35267,SINDPPD RS - SINDICATO DOS TRAB. EM PROC. DE DADOS RIO GRANDE DO SUL
35460,SINDPPD RS - SINDICATO DOS TRAB. EM PROC. DE DADOS RIO GRANDE DO SUL
35487,SINDPPD RS - SINDICATO DOS TRAB. EM PROC. DE DADOS RIO GRANDE DO SUL
35493,SINDPPD RS - SINDICATO DOS TRAB. EM PROC. DE DADOS RIO GRANDE DO SUL
35710,SINDPPD RS - SINDICATO DOS TRAB. EM PROC. DE DADOS RIO GRANDE DO SUL
33119,SINDPPD RS - SINDICATO DOS TRAB. EM PROC. DE DADOS RIO GRANDE DO SUL
35645,SINDPPD RS - SINDICATO DOS TRAB. EM PROC. DE DADOS RIO GRANDE DO SUL
35762,SINDPPD RS - SINDICATO DOS TRAB. EM PROC. DE DADOS RIO GRANDE DO SUL
35788,SINDPPD RS - SINDICATO DOS TRAB. EM PROC. DE DADOS RIO GRANDE DO SUL
31848,SINDPPD RS - SINDICATO DOS TRAB. EM PROC. DE DADOS RIO GRANDE DO SUL
35067,SINDPPD RS - SINDICATO DOS TRAB. EM PROC. DE DADOS RIO GRANDE DO SUL
35227,SINDPPD RS - SINDICATO DOS TRAB. EM PROC. DE DADOS RIO GRANDE DO SUL
35709,SINDPPD RS - SINDICATO DOS TRAB. EM PROC. DE DADOS RIO GRANDE DO SUL
33647,SINDPPD RS - SINDICATO DOS TRAB. EM PROC. DE DADOS RIO GRANDE DO SUL
34514,SINDPPD RS - SINDICATO DOS TRAB. EM PROC. DE DADOS RIO GRANDE DO SUL
30642,SINDPPD RS - SINDICATO DOS TRAB. EM PROC. DE DADOS RIO GRANDE DO SUL
35488,SINDPPD RS - SINDICATO DOS TRAB. EM PROC. DE DADOS RIO GRANDE DO SUL
35744,SINDPPD RS - SINDICATO DOS TRAB. EM PROC. DE DADOS RIO GRANDE DO SUL
32536,SINDPPD RS - SINDICATO DOS TRAB. EM PROC. DE DADOS RIO GRANDE DO SUL
31327,SINDPPD RS - SINDICATO DOS TRAB. EM PROC. DE DADOS RIO GRANDE DO SUL
35387,SINDPPD RS - SINDICATO DOS TRAB. EM PROC. DE DADOS RIO GRANDE DO SUL
35766,SINDPPD RS - SINDICATO DOS TRAB. EM PROC. DE DADOS RIO GRANDE DO SUL
35023,SINDPPD RS - SINDICATO DOS TRAB. EM PROC. DE DADOS RIO GRANDE DO SUL
35404,SINDPPD RS - SINDICATO DOS TRAB. EM PROC. DE DADOS RIO GRANDE DO SUL
35277,SINDPPD RS - SINDICATO DOS TRAB. EM PROC. DE DADOS RIO GRANDE DO SUL
35765,SINDPPD RS - SINDICATO DOS TRAB. EM PROC. DE DADOS RIO GRANDE DO SUL
35405,SINDPPD RS - SINDICATO DOS TRAB. EM PROC. DE DADOS RIO GRANDE DO SUL
32535,SINDPPD RS - SINDICATO DOS TRAB. EM PROC. DE DADOS RIO GRANDE DO SUL
34312,SINDPPD RS - SINDICATO DOS TRAB. EM PROC. DE DADOS RIO GRANDE DO SUL
35417,SINDPPD RS - SINDICATO DOS TRAB. EM PROC. DE DADOS RIO GRANDE DO SUL
35598,SINDPPD RS - SINDICATO DOS TRAB. EM PROC. DE DADOS RIO GRANDE DO SUL
32881,SINDPPD RS - SINDICATO DOS TRAB. EM PROC. DE DADOS RIO GRANDE DO SUL
34200,SINDPPD RS - SINDICATO DOS TRAB. EM PROC. DE DADOS RIO GRANDE DO SUL
33513,SINDPPD RS - SINDICATO DOS TRAB. EM PROC. DE DADOS RIO GRANDE DO SUL
33625,SINDPPD RS - SINDICATO DOS TRAB. EM PROC. DE DADOS RIO GRANDE DO SUL
32001,SINDPPD RS - SINDICATO DOS TRAB. EM PROC. DE DADOS RIO GRANDE DO SUL
35200,SINDPPD RS - SINDICATO DOS TRAB. EM PROC. DE DADOS RIO GRANDE DO SUL
26545,SINDPPD RS - SINDICATO DOS TRAB. EM PROC. DE DADOS RIO GRANDE DO SUL
35537,SINDPPD RS - SINDICATO DOS TRAB. EM PROC. DE DADOS RIO GRANDE DO SUL
32275,SINDPPD RS - SINDICATO DOS TRAB. EM PROC. DE DADOS RIO GRANDE DO SUL
35739,SINDPPD RS - SINDICATO DOS TRAB. EM PROC. DE DADOS RIO GRANDE DO SUL
35498,SINDPPD RS - SINDICATO DOS TRAB. EM PROC. DE DADOS RIO GRANDE DO SUL
31599,SINDPPD RS - SINDICATO DOS TRAB. EM PROC. DE DADOS RIO GRANDE DO SUL
32068,SINDPPD RS - SINDICATO DOS TRAB. EM PROC. DE DADOS RIO GRANDE DO SUL
35756,SINDPPD RS - SINDICATO DOS TRAB. EM PROC. DE DADOS RIO GRANDE DO SUL
35761,SINDPPD RS - SINDICATO DOS TRAB. EM PROC. DE DADOS RIO GRANDE DO SUL
35763,SINDPPD RS - SINDICATO DOS TRAB. EM PROC. DE DADOS RIO GRANDE DO SUL
35776,SINDPPD RS - SINDICATO DOS TRAB. EM PROC. DE DADOS RIO GRANDE DO SUL
35529,SINDPPD RS - SINDICATO DOS TRAB. EM PROC. DE DADOS RIO GRANDE DO SUL
35565,SINDPPD RS - SINDICATO DOS TRAB. EM PROC. DE DADOS RIO GRANDE DO SUL
35566,SINDPPD RS - SINDICATO DOS TRAB. EM PROC. DE DADOS RIO GRANDE DO SUL
35584,SINDPPD RS - SINDICATO DOS TRAB. EM PROC. DE DADOS RIO GRANDE DO SUL
35594,SINDPPD RS - SINDICATO DOS TRAB. EM PROC. DE DADOS RIO GRANDE DO SUL
35671,SINDPPD RS - SINDICATO DOS TRAB. EM PROC. DE DADOS RIO GRANDE DO SUL
35471,SINDPPD RS - SINDICATO DOS TRAB. EM PROC. DE DADOS RIO GRANDE DO SUL
35519,SINDPPD RS - SINDICATO DOS TRAB. EM PROC. DE DADOS RIO GRANDE DO SUL
35525,SINDPPD RS - SINDICATO DOS TRAB. EM PROC. DE DADOS RIO GRANDE DO SUL
35527,SINDPPD RS - SINDICATO DOS TRAB. EM PROC. DE DADOS RIO GRANDE DO SUL
34575,SINDPPD RS - SINDICATO DOS TRAB. EM PROC. DE DADOS RIO GRANDE DO SUL
34601,SINDPPD RS - SINDICATO DOS TRAB. EM PROC. DE DADOS RIO GRANDE DO SUL
34873,SINDPPD RS - SINDICATO DOS TRAB. EM PROC. DE DADOS RIO GRANDE DO SUL
34886,SINDPPD RS - SINDICATO DOS TRAB. EM PROC. DE DADOS RIO GRANDE DO SUL
34109,SINDPPD RS - SINDICATO DOS TRAB. EM PROC. DE DADOS RIO GRANDE DO SUL
35024,SINDPPD RS - SINDICATO DOS TRAB. EM PROC. DE DADOS RIO GRANDE DO SUL
35026,SINDPPD RS - SINDICATO DOS TRAB. EM PROC. DE DADOS RIO GRANDE DO SUL
